<?xml version="1.0" encoding="iso-8859-1"?>
<mosinstall type="template">
	<name>superclean</name>
	<creationDate>2007</creationDate>
	<author>Josiah</author>
	<copyright>Open Source, GPL</copyright>
	<authorEmail>info@whalehosting.ca</authorEmail>
	<authorUrl>whalehosting.ca</authorUrl>
	<version>0.4</version>
	<description>Only thumbnails with full image popups.  Galleries one level down from linked gallery are collapsed.  No gallery or image details shown.</description>
	<files>
		<filename>index.php</filename>
		<filename>display.class.php</filename>
		<filename>templateDetails.xml</filename>
	</files>
	<css>
		<filename>css/template.css</filename>
	</css>
</mosinstall>