<?xml version="1.0" encoding="utf-8"?>
<extension version="2.5" type="plugin" group="content" method="upgrade">
	<name>PLG_CONTENT_RSGALLERY2_SINGLEDISPLAY</name>
	<author>Jonathan DeLaigle, Radek Kafka, Mirjam Kaizer</author>
	<creationDate>26 February 2012</creationDate>
	<copyright>(C) 2007 Jonathan DeLaigle. 2010 Radek Kafka. 2011-2012 RSGallery2 Team. All rights reserved.</copyright>
	<license>http://www.gnu.org/copyleft/gpl.html GNU/GPL</license>
	<authorUrl>www.rsgallery2.nl</authorUrl>
	<version>3.1.0</version>
	<description>PLG_CONTENT_RSGALLERY2_SINGLEDISPLAY_XML_DESCRIPTION</description>

	<files>
		<filename plugin="rsgallery2_singledisplay">rsgallery2_singledisplay.php</filename>
	</files>

	<languages folder="language">
		<language tag="en-GB">en-GB/en-GB.plg_content_rsgallery2_singledisplay.ini</language>
		<language tag="en-GB">en-GB/en-GB.plg_content_rsgallery2_singledisplay.sys.ini</language>
	</languages>

	<config>
		<fields name="params">
			<fieldset name="basic">
				<field name="popup_style" type="list" default="normal_popup" label="PLG_CONTENT_RSGALLERY2_SINGLEDISPLAY_POPUP_STYLE_LABEL" description="PLG_CONTENT_RSGALLERY2_SINGLEDISPLAY_POPUP_STYLE_DESCRIPTION">
					<option value="no_popup">PLG_CONTENT_RSGALLERY2_SINGLEDISPLAY_NO_POPUP</option>
					<option value="use_link">PLG_CONTENT_RSGALLERY2_SINGLEDISPLAY_USE_LINK</option>
					<option value="normal_popup">PLG_CONTENT_RSGALLERY2_SINGLEDISPLAY_NORMAL_POPUP</option>
					<option value="modal">PLG_CONTENT_RSGALLERY2_SINGLEDISPLAY_MODAL</option>
					<option value="highslide">PLG_CONTENT_RSGALLERY2_SINGLEDISPLAY_HIGHSLIDE</option>
				</field>
				<field name="debug" type="list" default="0" label="PLG_CONTENT_RSGALLERY2_SINGLEDISPLAY_DEBUG_LABEL" description="PLG_CONTENT_RSGALLERY2_SINGLEDISPLAY_DEBUG_DESCRIPTION">
					<option value="0">JDISABLED</option>
					<option value="1">JENABLED</option>
				</field>
			</fieldset>
		</fields>
	</config>

</extension>




