<?xml version="1.0" ?>
<mosinstall type="component">
  <name>RSGallery</name>
  <creationDate>25.04.2005</creationDate>
  <author>RSgallery2 dev team</author>
  <copyright>This component is released under the GNU/GPL License</copyright>
  <authorEmail>riba@ml1.net</authorEmail>
  <authorUrl>rsgallery2.mamboforge.net</authorUrl>
  <version>beta1</version>
  <description>RSGallery2 is a fully integrated Mambo gallery component with category support based on the original RSgallery work by Ronald Smit.</description>
  <files>
	<filename>browser_detect.js</filename>
	<filename>rsgallery.css</filename>
	<filename>rsgallery.html.php</filename>
	<filename>rsgallery.php</filename>
	<filename>show_content.js</filename>
	<filename>slideshow.rsgallery.php</filename>
	<filename>view.php</filename>
	<filename>dhtml.js</filename>
  </files>
  <images>
	<filename>images/spacer.gif</filename>
	<filename>images/spacer18.gif</filename>
	<filename>images/left_line.gif</filename>
	<filename>images/minus.gif</filename>
	<filename>images/no_pics.gif</filename>
	<filename>images/plus.gif</filename>
	<filename>images/right_line.gif</filename>
	<filename>images/slideshow.gif</filename>
	<filename>images/top_left_corner.gif</filename>
	<filename>images/top_line.gif</filename>
	<filename>images/top_right_corner.gif</filename>
   <filename>images/home.gif</filename>
	<filename>images/bottom_left_corner.gif</filename>
	<filename>images/bottom_line.gif</filename>
	<filename>images/bottom_right_corner.gif</filename>
	<filename>images/camera.gif</filename>
	<filename>images/folder.gif</filename>
	<filename>images/home.gif</filename>
  </images>
    <installfile>install.rsgallery.php</installfile>
    <uninstallfile>uninstall.rsgallery.php</uninstallfile>
  <administration>
    <menu>RSGallery</menu>
    <submenu>
      <menu task="settings">Settings</menu>
	  <menu task="view_categories">Categories</menu>
	  <menu task="upload">Single File Upload</menu>
	  <menu task="batchupload">Upload ZIP-file</menu>
	  <menu task="view_images">Images</menu>
	  <menu task="regen_thumbs">Regenerate Thumb Pics</menu>
	  <menu task="consolidate_db">Consolidate Database</menu>
    </submenu>
    <files>
     <filename>admin.rsgallery.php</filename>
	  <filename>admin.rsgallery.html.php</filename>
	  <filename>toolbar.rsgallery.html.php</filename>
	  <filename>instructions.rsgallery.php</filename>
	  <filename>toolbar.rsgallery.php</filename>
	  <filename>config.rsgallery.php</filename>
	  <filename>settings.rsgallery.php</filename>
	  <filename>mimetype.php</filename>
	  <filename>language/english.php</filename>
	  
    </files>
    <images>
      <filename>images/logo_rsgallery.gif</filename>
	  <filename>images/logo_rsgallery_20.gif</filename>
	  <filename>images/sub_arrow.png</filename>
    </images>
</administration>
</mosinstall>
