<?xml version="1.0" encoding="iso-8859-1"?>
<mosinstall version="1.0.0" type="mambot" group="content">
	<name>RSG2 Single Image Display</name>
	<author>Jonathan DeLaigle</author>
	<creationDate>May 20007</creationDate>
	<copyright>(C) 2007 Jonathan DeLaigle. All rights reserved.</copyright>
	<license>http://www.gnu.org/copyleft/gpl.html GNU/GPL</license>
	<authorUrl>rsgallery2.net</authorUrl>
	<version>0.2</version>
	<description>This bot will replace {rsg2_singledisplay: imageid, size, caption} with the correct image output from the gallery.</description>
	<files>
		<filename mambot="plg_rsg2_singledisplay">plg_rsg2_singledisplay.php</filename>
	</files>
	<params/>
</mosinstall>
