<?xml version="1.0" encoding="utf-8"?>
<install version="1.5" type="plugin" group="content">
	<name>RSG2 Single Image Display plus Highslide effect</name>
	<author>Jonathan DeLaigle and Radek Kafka</author>
	<creationDate>2010</creationDate>
	<copyright>(C) 2007 Jonathan DeLaigle. All rights reserved.</copyright>
	<license>http://www.gnu.org/copyleft/gpl.html GNU/GPL</license>
	<authorUrl>rsgallery2.net</authorUrl>
	<version>2.0.0</version>
	<description>This bot will replace {rsg2_singledisplay: imageid, size, caption, format} with the correct image output from the gallery. E.g. {rsg2_singledisplay:9999,thumb,true,left;float:left}. Uses Highslide plugin. </description>
	<files>
		<filename plugin="plg_rsg2_singledisplay">plg_rsg2_singledisplay.php</filename>
	</files>
	<params/>
</install>
