<?xml version="1.0" encoding="utf-8"?>
<install type="module" version="1.5.0">
    <name>Most Voted Picture</name>
    <author>BabeADay.org</author>
    <creationDate>May 2008</creationDate>
    <version>1.5.0</version>
    <description>A simple module which will display the most voted picture(s) from your RSGallery2.</description>
    <files>
        <filename module="mod_rsg2_voted">mod_rsg2_voted.php</filename>
        <filename>index.html</filename>
        <filename>helper.php</filename>
        <filename>tmpl/default.php</filename>
        <filename>tmpl/index.html</filename>
    </files>
	<params>
	 	<param name="count" type="text" default="1" label="Number of pictures" description="Number of pictures to display" /> 
	 	<param name="display_title" type="radio" default="1" label="Display titles" description="Do you want the titles to appear?">
			<option value="0">No</option>
			<option value="1">Yes</option>
		</param>
		<param name="display_votes" type="radio" default="1" label="Display number of votes" description="Do you want to display the number of votes?">
			<option value="0">No</option>
			<option value="1">Yes</option>
		</param>
		<param name="display_average" type="list" default="1" label="Display average of votes" description="Do you want to display the average of the votes?">
			<option value="0">No</option>
			<option value="1">As text</option>
			<option value="2">As joomla ratingstar</option>
		</param>
	</params>
</install>