<?xml version="1.0" encoding="iso-8859-1"?>
<mosinstall type="module">
  <name>RSGallery2 Slideshow</name>
  <author>Daniel Tulp</author>
  <creationDate>24th of January 2007</creationDate>
  <copyright>DT^2</copyright>
  <license>http://www.gnu.org/copyleft/gpl.html GNU/GPL</license>
  <authorEmail>mail@danieltulp.nl</authorEmail>
  <authorUrl>design.danieltulp.nl</authorUrl>
  <version>1.2.2</version>
  <description>RSGallery2 Slideshow is a JavaScript SlideShow module for joomla! Open Source with the component RSGallery2.</description>
  <files>
    <filename module="mod_rsgallery2_slideshow">mod_rsgallery2_slideshow.php</filename>
  </files>
  <params>
    <param name="moduleclass_sfx" type="text" default=""
           label="Module Class Suffix"
           description="A suffix to be applied to the css class of the module
                       (table.moduletable), this allows individual module styling" />
 <param name="imagepath" type="text" default="/images/rsgallery/thumb" label="Thumbnail path" description="This is a temporary setting, change path to thumbnails to your liking (no trailing slash needed)" />
    <param name="@spacer" type="spacer" default="" label="" description="" />
    <param name="Clickornot" type="radio" default="1" label="Images linked?" description="Should the pictures be linked?">
			<option value="0">No</option>
			<option value="1">Yes</option>			
	</param>
	<param name="Pause" type="radio" default="1" label="Pause OnMouseOver?" description="Should the slideshow pause onMouseOver?">
			<option value="0">No</option>
			<option value="1">Yes</option>
	</param>
	<param name="Width" type="text" size="20" default="100" label="Slideshow Width" description="Default is 100."/>
	<param name="Height" type="text" size="20" default="100" label="Slideshow Height" description="Default is 100"/>
	<param name="@spacer" type="spacer" default="" label="" description=""/> 
	<param name="PicsNum" type="text" size="20" default="5" label="Number of pics" description="Number of Random pics to display"/>

	<param name="BackColor" type="text" size="20" default="#ffffff" label="Fade Background Color" description="SlideShow Background Color"/> 
	<param name="FadeDelay" type="text" size="20" default="6000" label="Fade Delay" description="SlideShow Fade Delay"/> 
	<param name="@spacer" type="spacer" default="" label="" description=""/> 
	<param name="Hits" type="radio" default="0" label="Show Hits" description="Show Hits?">
			<option value="0">No</option>
			<option value="1">Yes</option>
	</param>
	<param name="Votes" type="radio" default="0" label="Show Votes?" description="Show Votes?">
			<option value="0">No</option>
			<option value="1">Yes</option>
	</param>
	<param name="Rating" type="radio" default="0" label="Show Rating?" description="Show Rating?">
			<option value="0">No</option>
			<option value="1">Yes</option>
	</param>
	<param name="Comments" type="radio" default="0" label="Show Comments?" description="Show Comments?">
			<option value="0">No</option>
			<option value="1">Yes</option>
	</param>
	<param name="@spacer" type="spacer" default="" label="" description=""/> 
	<param name="PickMethod" type="list" default="Rand()" label="Display Method" description="Display Method">
			<option value="Rand()">Random</option>
			<option value="Hits">Hits</option>
			<option value="Votes">Votes</option>
			<option value="Rating">Rating</option>
	</param>
	<param name="ShowMethod" type="radio" default="0" label="Show Method?" description="Show Method?">
			<option value="0">No</option>
			<option value="1">Yes</option>
	</param>
	<param name="usecss" type="radio" default="0" label="Use CSS entered below?" description="Do you want the module to use the CSS entered below?">
			<option value="0">No</option>
			<option value="1">Yes</option>
	</param>
		<param name="css" type="textarea" rows="10" cols="20" default="a img{border:0;} div.rsg2_slideshow{text-align:center; width:100%;}" label="CSS" description="Edit, CSS to be included in the script, here. Note: don't use return, simply type everything on the same line."/>	  
  </params>
</mosinstall>
