<?xml version="1.0" ?>
<joomfish type="contentelement">
	<name>RSGallery2 - Items</name>
	<author>Geraint Edwards/Mirjam Kaizer</author>
	<version>1.2</version>
	<description>Definition for RSGallery2: items</description>
	<reference>
		<table name="rsgallery2_files">
			<field type="referenceid" name="id" translate="0">ID</field>
			<field type="titletext" name="title" translate="1">Title</field>
			<field type="htmltext" name="descr" translate="1">Description</field>
		</table>
	</reference>
  	<translationfilters>
		<keyword>name</keyword>
		<published>published</published>
	</translationfilters>
</joomfish>
