<?xml version="1.0" ?>
<joomfish type="contentelement">
	<name>RSGallery2 - Galleries</name>
	<author>Geraint Edwards/Michael Ulrich/Mirjam Kaizer</author>
	<version>1.2</version>
	<description>Definition for RSGallery2: galleries</description>
	<reference>
		<table name="rsgallery2_galleries">
			<field type="referenceid" name="id" translate="0">ID</field>
			<field type="titletext" name="name" translate="1">Title</field>
			<field type="htmltext" name="description" translate="1">Description</field>
		</table>
	</reference>
   	<translationfilters>
		<keyword>name</keyword>
		<published>published</published>
	</translationfilters>
</joomfish>
