<?xml version="1.0" encoding="utf-8"?>
<install type="module" version="1.5.0">
    <name>Popular Picture</name>
    <author>Iliya Koreshev</author>
    <creationDate>May 2008</creationDate>
    <version>1.5.0</version>
    <description>A simple module which will display the popular picture(s) from your RSGallery2.</description>
    <files>
        <filename module="mod_rsg2_popular">mod_rsg2_popular.php</filename>
        <filename>index.html</filename>
        <filename>helper.php</filename>
        <filename>tmpl/default.php</filename>
        <filename>tmpl/index.html</filename>
    </files>
	<params>
	 	<param name="count" type="text" default="1" label="Number of pictures" description="Number of pictures to display" /> 
	 	<param name="display_title" type="radio" default="1" label="Display titles" description="Do you want the titles to appear?">
			<option value="0">No</option>
			<option value="1">Yes</option>
		</param>
		<param name="display_hits" type="radio" default="1" label="Display hits" description="Do you want to display the hits as text?">
			<option value="0">No</option>
			<option value="1">Yes</option>
		</param>
	</params>
</install>