<?xml version="1.0" encoding="iso-8859-1"?>
<mosinstall version="1.0.0" type="mambot" group="content">
	<name>RSG2 Display</name>
	<author>Jonathan DeLaigle</author>
	<creationDate>May 20007</creationDate>
	<copyright>(C) 2007 Morris DigitalWorks. All rights reserved.</copyright>
	<license>http://www.gnu.org/copyleft/gpl.html GNU/GPL</license>
	<authorUrl>morrisdigitalworks.com</authorUrl>
	<version>0.8</version>
	<description>Usage: {rsg2_display: GID, Template}</description>
	<files>
		<filename mambot="plg_rsg2_display">plg_rsg2_display.php</filename>
	</files>
	<params/>
</mosinstall>
