<?xml version="1.0" ?>
<mosinstall type="module">
    <name>RSItems</name>
    <creationDate>Februari 21th, 2007</creationDate>
    <author>Daniel Tulp</author>
    <copyright>This module is released under the GNU/GPL License</copyright>
    <authorEmail>mail@danieltulp.nl</authorEmail>
    <authorUrl>design.danieltulp.nl</authorUrl>
    <version>1.4.2</version>
    <description>Shows the a random picture from RSGallery also displays new picture and picture with the most hits and votes</description>
     <files>
         <filename module="mod_rsitems">mod_rsitems.php</filename>
		 <filename module="mod_rsitems">mod_rsitems_english.php</filename>
		 <filename module="mod_rsitems">mod_rsitems_dutch.php</filename>
     </files>
	 <params>
	 	<param name="moduleclass_sfx" type="text" default="" label="Module class suffix" description="A suffix to be applied to the CSS class" />
	 	<param name="count" type="text" default="1" label="Number of pictures" description="Number of pictures per display type" /> 
		<param name="display" type="list" default="0" label="Display option" description="Horizontal or vertical display of module">
			<option value="0">Horizontal</option>
			<option value="1">Vertical</option>
		</param>
		<param name="useseperator" type="radio" default="0" label="Use seperators" description="A seperator is the spacing method RSItems uses. When you have more then one line of images when you are displaying horizontally, text and or icons beneath the images, may cause the images to get misaligned. Fill in the number of lines you wish the seperators to use below, for each display method.">
			<option value="0">No</option>
			<option value="1">Yes</option>
		</param>
		<param name="display_text" type="radio" default="1" label="Display titles" description="Do you want the titles to appear?">
			<option value="0">No</option>
			<option value="1">Yes</option>
		</param>
		<param name="useACL" type="radio" default="1" label="Use ACL" description="Do you want the module to check if people have access rights to the galleries of the thumbnails (only works when ACL is enabled)?">
			<option value="0">No</option>
			<option value="1">Yes</option>
		</param>
		<param name="usegalselect" type="radio" default="0" label="Limit to certain galleries" description="Do you want limit the thumbnails displayed to certain galleries?">
			<option value="0">No</option>
			<option value="1">Yes</option>
		</param>
		<param name="galselect" type="text" default="" label="Gallery id's" description="Enter one or more gallery id's seperated by a comma: 5,6,10.">
		</param>
<param name="@spacer" type="spacer" default="" label="" description="" />
		<param name="display_random" type="radio" default="1" label="Display random" description="Do you want to display a random image(s)?">
			<option value="0">No</option>
			<option value="1">Yes</option>
		</param>
		<param name="seperatorRandom" type="text" default="1" label="Seperator" description="Enter the number of lines you wish the seperators to use.">
		</param>
<param name="@spacer" type="spacer" default="" label="" description="" />
		<param name="display_latest" type="radio" default="1" label="Display latest" description="Do you want to display the latest added image(s)?">
			<option value="0">No</option>
			<option value="1">Yes</option>
		</param>
		<param name="displaydate" type="radio" default="1" label="Display date" description="Do you want to display the date text of the latest added photo(s)?">
			<option value="0">No</option>
			<option value="1">Yes</option>
		</param>
		<param name="dateformat" type="text" default="d-m-Y" label="Date format" description="What format do you want the date to have (for example, d-m-Y | d/m/Y | m-d-Y : G-i). See http://nl3.php.net/date for more info about this.">
		</param>
		<param name="seperatorLatest" type="text" default="1" label="Seperator" description="Enter the number of lines you wish the seperators to use.">
		</param>
<param name="@spacer" type="spacer" default="" label="" description="" />
		<param name="display_popular" type="radio" default="1" label="Display popular" description="Do you want to display the most popular photo(s)?">
			<option value="0">No</option>
			<option value="1">Yes</option>
		</param>
		<param name="displayhits" type="radio" default="1" label="Display hits" description="Do you want to display the hits as text?">
			<option value="0">No</option>
			<option value="1">Yes</option>
		</param>
		<param name="seperatorPopular" type="text" default="1" label="Seperator" description="Enter the number of lines you wish the seperators to use.">
		</param>
<param name="@spacer" type="spacer" default="" label="" description="" />
		<param name="display_votes" type="radio" default="1" label="Display most voted" description="Do you want to display the image(s) with the most votes?">
			<option value="0">No</option>
			<option value="1">Yes</option>
		</param>
		<param name="displayvotescount" type="radio" default="1" label="Display number of votes" description="Do you want to display the number of votes?">
			<option value="0">No</option>
			<option value="1">Yes</option>
		</param>
		<param name="displayaverage" type="list" default="1" label="Display average of votes" description="Do you want to display the average of the votes?">
			<option value="0">No</option>
			<option value="1">As text</option>
			<option value="2">As joomla ratingstar</option>
		</param>
		<param name="seperatorVotes" type="text" default="1" label="Seperator" description="Enter the number of lines you wish the seperators to use.">
		</param>
<param name="@spacer" type="spacer" default="" label="" description="" />
		<param name="display_rank" type="radio" default="1" label="Display top rated" description="Do you want to display the top rated image(s)?">
			<option value="0">No</option>
			<option value="1">Yes</option>
		</param>
		<param name="displayranknr" type="radio" default="1" label="Display ranknumber" description="Do you want to display the ranknumber?">
			<option value="0">No</option>
			<option value="1">Yes</option>
		</param>
		<param name="displayvotes_e" type="radio" default="1" label="Display number of votes" description="Do you want to display the number of votes?">
			<option value="0">No</option>
			<option value="1">Yes</option>
		</param>
		<param name="displayaverage_e" type="list" default="1" label="Display average of votes" description="Do you want to display the average of the votes?">
			<option value="0">No</option>
			<option value="1">As text</option>
			<option value="2">As joomla ratingstar</option>
		</param>
		<param name="seperatorRank" type="text" default="1" label="Seperator" description="Enter the number of lines you wish the seperators to use.">
		</param>
<param name="@spacer" type="spacer" default="" label="" description="" />
		<param name="display_mcommented" type="radio" default="1" label="Display most commented" description="Do you want to display thumbnail(s) of the images most commented on?">
			<option value="0">No</option>
			<option value="1">Yes</option>
		</param>
		<param name="seperatorMcommented" type="text" default="1" label="Seperator" description="Enter the number of lines you wish the seperators to use.">
		</param>
<param name="@spacer" type="spacer" default="" label="" description="" />
		<param name="display_lcommented" type="radio" default="0" label="Display last commented" description="Do you want to display thumbnail(s) of the images last commented on?">
			<option value="0">No</option>
			<option value="1">Yes</option>
		</param>
		<param name="display_comments" type="radio" default="0" label="Display comments" description="Do you want to display the comments for that image?">
			<option value="0">No</option>
			<option value="1">Yes</option>
		</param>
		<param name="seperatorLcommented" type="text" default="1" label="Seperator" description="Enter the number of lines you wish the seperators to use.">
		</param>
		<param name="@spacer" type="spacer" default="" label="" description="" />
		<param name="usecss" type="radio" default="0" label="Use CSS entered below?" description="Do you want the module to use the CSS entered below?">
			<option value="0">No</option>
			<option value="1">Yes</option>
		</param>
		<param name="css" type="textarea" rows="10" cols="20" default="" label="CSS" description="Edit CSS to be included in the script here. Note: don't use return, simply type everything on the same line."/>
	</params>
</mosinstall>