<?xml version="1.0" encoding="iso-8859-1"?><mosinstall version="1.0.0" type="mambot" group="search">	<name>RSgallery2 searchbot</name>	<author>Winckler Kristian</author>	<creationDate>January 2006</creationDate>	<copyright>(C) 2006 Winckler Kristian. All rights reserved.</copyright>	<license>http://www.gnu.org/copyleft/gpl.html GNU/GPL</license>	<authorEmail>kristian.winckler@hp.com</authorEmail>	<authorUrl>www.joomla.org</authorUrl>	<version>0.9.2</version>	<description>Allows Searching of RSGallery2 Files</description>	<files>		<filename mambot="rsgallery2.searchbot">rsgallery2.searchbot.php</filename>	</files>	<params>		<param name="search_limit" type="text" size="5" default="50" label="Search Limit" description="Nmber of Search items to return"/>			</params></mosinstall>